Epocas,Pesos
0,6.601206889889782
20,7.801817314100347
