Gamma,Train error,Test error
1e-06,0.004337951672836019,0.006685393591311742
1e-05,0.0037744634139631065,0.005656125195404148
0.0001,0.004911964993801854,0.005310874129426363
0.001,0.008036578345984384,0.007577075787345303
0.01,0.0245786985719894,0.021748108978554642
0.1,0.043161196924769614,0.040230291680664436
1.0,0.04246143866395103,0.03852743779253224
