Error,Epocas,Class
0.01041675409479276,0,Train error
0.009464604943258894,0,Test error
0.008217782004089319,20,Train error
0.00769829384736279,20,Test error
