Error,Epocas,Class
0.25749999999999995,0,Train error
0.21999999999999997,0,Validation error
0.24350000000000005,0,Test error
0.25749999999999995,3,Train error
0.21999999999999997,3,Validation error
0.24350000000000005,3,Test error
