Learning rate,Momentum,Mean test error
0.1,0.0,0.24350000000000005
0.1,0.5,0.24350000000000005
0.1,0.9,0.24350000000000005
0.01,0.0,0.24350000000000005
0.01,0.5,0.24350000000000005
0.01,0.9,0.24350000000000005
0.001,0.0,0.24350000000000005
0.001,0.5,0.24350000000000005
0.001,0.9,0.24350000000000005
